Average Speed,Duration,Distance
88.14702692,2145,52.88381372
26.51456794,7035,51.92120094
100.1913038,1665,46.72975682
37.36489437,4005,41.74324235
26.8161603,5355,39.99726442
49.85044827,2835,39.18534375
46.58940715,3000,39.05018371
96.06669328,1650,36.97063666
58.81495751,2115,34.73006366
48.96440036,2445,33.48231245
34.11890988,3285,31.28032204
22.22314321,4515,27.98399664
21.57909027,4545,27.31955015
45.80303132,1980,25.39652404
34.91832939,2580,25.20411872
18.37419615,4920,25.13996122
72.77512384,1215,24.86474589
33.93387278,2610,24.74664838
60.5727964,1440,24.24414225
44.66796663,1920,23.94697749
46.58683098,1770,22.7036499
13.63125965,5790,21.97200962
40.53261346,1935,21.96718725
55.57911941,1380,21.53759114
36.04727376,2100,21.20049886
50.26260249,1500,20.99733694
38.57579636,1965,20.96987528
34.00431951,2190,20.66644085
43.06892957,1710,20.58974567
50.18013807,1455,20.49870881
62.40276721,1170,20.41070887
58.51908872,1245,20.40382978
58.3747847,1245,20.34881427
35.00320264,2025,19.84512176
58.00384696,1215,19.78657691
32.17043013,2130,19.18252502
48.85250534,1395,19.14718514
30.42243104,2220,18.88183182
44.98278404,1485,18.75033441
18.19150729,3675,18.65846744
25.93205263,2550,18.46634264
46.08545679,1425,18.4443203
39.43276196,1680,18.43823822
52.14973362,1260,18.37667817
69.81349226,930,18.33094348
42.63076339,1545,18.31284363
49.81183593,1305,18.26748704
58.75501844,1110,18.23122423
50.43908269,1290,18.2253133
58.2988186,1110,18.21945787
41.22184388,1575,18.21417157
48.4967701,1335,18.18945401
40.7135792,1590,18.14905451
44.12743863,1470,18.1257695
66.31723493,975,18.11014731
48.74291102,1320,18.04964415
50.9063485,1260,18.02703135
46.96926897,1365,18.00060388
21.68637904,2970,17.98100047
50.53099077,1260,17.89222946
55.00136104,1155,17.88072739
65.99074461,960,17.87384695
52.34898271,1215,17.87129166
86.3478056,960,17.82927893
47.76130023,1335,17.82836458
18.98013759,3360,17.81142693
40.04829729,1575,17.68745519
86.64319621,720,17.68510964
39.97372919,1575,17.65902009
44.18997903,1425,17.65699122
49.10055934,1275,17.59959219
49.55338467,1260,17.50704802
50.81464639,1230,17.49015879
50.50012102,1230,17.47127885
58.28333323,1065,17.4702799
36.28554888,1710,17.39462415
38.33841726,1620,17.36814846
51.21921683,1200,17.29033069
62.93283912,975,17.28130297
58.04240158,1050,17.17700105
58.80003424,1035,17.15631655
32.79457792,1860,17.06969422
50.08820941,1215,16.98743857
43.11937857,1395,16.89314848
57.02129735,1050,16.87725444
61.69629529,975,16.83202745
49.54611476,1215,16.8228559
36.70387694,1635,16.8162294
59.61350954,1005,16.79592212
56.01173904,1065,16.78706497
46.16295822,1290,16.72913111
44.91985366,1320,16.66292899
8.471245433,7065,16.65849215
64.31445137,915,16.60746275
40.58168503,1455,16.57469031
45.84151559,1290,16.56539543
38.19046928,1545,16.55090405
79.87844384,735,16.51154791
24.59687551,2400,16.50368847
50.44258149,1170,16.47531354
49.41523194,1185,16.44552768
21.74096058,2715,16.43040247
43.07265221,1350,16.32585319
70.43368442,825,16.29503658
16.99797477,3435,16.26072108
76.5082762,750,16.17654433
37.06932051,1560,16.13067229
58.59499273,975,16.12705611
57.33967097,1005,16.045297
50.78926104,1125,15.93015574
55.35763897,1020,15.92363736
58.00848033,975,15.83342534
31.80348533,1770,15.79013825
65.81058944,855,15.78964086
50.97891728,1095,15.71197994
49.86207853,1110,15.58811691
58.20551197,945,15.51299319
68.06943459,810,15.45898245
53.53536384,1020,15.3910842
25.54879994,2145,15.33179334
34.66527736,1575,15.30229546
61.20076086,885,15.21467762
12.77044527,4290,15.17028993
33.32252356,1620,15.12821563
14.49208859,3765,15.11007039
35.34823655,1560,15.08134368
47.2433959,1125,14.95922604
40.30769195,1320,14.93781908
14.42611154,3705,14.92458686
37.86656537,1395,14.83327511
48.10086492,1095,14.79298355
39.86301267,1320,14.783511
44.82632641,1170,14.75313198
58.68735144,885,14.66320811
33.39851544,1560,14.60464436
31.96746258,1635,14.58085514
30.5492188,1695,14.51089484
58.18780685,885,14.47955304
37.51234825,1365,14.39039868
49.87489088,1020,14.3326096
32.81060494,1560,14.26284452
35.11930865,1455,14.22796998
35.91701179,1410,14.21963297
47.38866002,1065,14.19632585
23.59585088,2145,14.16678939
30.83548285,1635,14.14323137
63.87498362,780,14.12234152
30.85008725,1635,14.11890797
66.61741729,750,14.11336455
33.04647801,1530,14.10957026
54.4656236,915,14.06090265
35.70552444,1410,14.02727876
15.17766802,3300,13.99112756
55.84173837,885,13.96111986
25.53821671,1950,13.92736365
45.3228292,1095,13.869807
48.811314,1005,13.82128784
32.63643936,1515,13.80350623
56.03767126,870,13.79050886
52.47223335,930,13.77812221
45.94208396,1065,13.77713688
62.36158125,780,13.77707846
62.29652339,780,13.75701441
64.84645356,750,13.73500451
45.74836975,1065,13.73043588
51.84980962,960,13.67134731
42.69770929,1125,13.5031326
40.21365188,1185,13.39586526
33.07185946,1455,13.39510023
49.77970145,960,13.39287861
39.59977939,1200,13.38379808
40.63688395,1185,13.36940227
22.41424547,2145,13.34969319
57.20422514,825,13.34611502
22.51238933,2115,13.32753269
42.57644581,1110,13.32168004
50.19893034,945,13.31759366
60.57661773,780,13.27899736
48.06267482,975,13.21067929
50.29751494,930,13.20527546
48.94026064,960,13.20275027
59.49646314,795,13.19718209
45.82863567,1035,13.19472427
33.31287007,1410,13.18739888
29.48565921,1590,13.14613317
59.81819451,780,13.08292144
47.570826,975,13.08253564
22.49740219,2115,13.03170644
32.52947507,1425,13.00799902
47.30569807,975,12.99701654
24.64091704,1890,12.94890982
32.71432942,1425,12.93684022
46.27782154,990,12.92528358
42.59115581,1080,12.90059274
40.80303035,1125,12.85848598
30.22571288,1515,12.81449994
31.31950582,1455,12.80292067
45.20044877,1005,12.78605101
43.0463464,1050,12.74534012
59.06569733,765,12.72926774
21.54590939,2115,12.7150728
9.879483019,4590,12.63507127
23.93220105,1890,12.63393795
37.45137263,1200,12.60868703
29.97840424,1500,12.60328999
33.61480174,1335,12.58593248
47.85473213,930,12.57333054
51.14964151,870,12.57001837
37.43160466,1200,12.50518532
57.67010143,780,12.49756703
61.21440695,720,12.49583498
23.50987321,1920,12.47504548
46.73175251,945,12.45448631
86.89682728,510,12.40833041
45.65910329,960,12.36822821
64.39166562,675,12.33998621
13.5703958,3255,12.32491671
32.24876028,1365,12.28509494
18.11120146,2430,12.28193485
42.70346915,1020,12.27771237
36.74746942,1185,12.26352627
30.24388448,1440,12.2358688
31.86255945,1365,12.23236004
57.87856203,750,12.2083743
26.60799773,1635,12.19768936
49.42199586,870,12.11622006
52.60332203,810,12.0557861
50.29739269,855,12.03815559
14.70262577,2925,12.00651904
15.97115671,2685,11.98715776
48.14802517,885,11.97954883
30.52900056,1395,11.95740157
41.38836929,1020,11.9128025
62.01296925,675,11.88683737
33.66743467,1260,11.87547987
20.50206536,2070,11.8448857
45.1584785,930,11.84187523
47.31942131,885,11.83738676
24.28987924,1740,11.8246773
45.00334453,930,11.81808646
41.08527613,1020,11.81230957
40.99814363,1020,11.79791809
52.39291499,795,11.78946377
18.32545567,2295,11.76625224
66.63873939,630,11.76408949
67.94354846,615,11.72288637
51.17395477,810,11.72183682
15.10987249,2775,11.70691852
28.0267385,1485,11.68804081
62.01802291,660,11.61845134
34.27534729,1200,11.5790957
47.74520985,855,11.52874123
25.97476758,1590,11.52483537
43.90553984,930,11.51419979
51.25967632,795,11.49810141
30.10214224,1365,11.49148174
49.20459837,825,11.47188244
33.95299851,1200,11.46814539
26.18922536,1545,11.35120464
23.88396163,1695,11.34389709
123.9492691,315,11.29168019
30.7766442,1305,11.27256066
49.94105623,795,11.24678849
29.00626042,1380,11.24589369
29.27878306,1365,11.23076944
46.64607984,855,11.22726279
42.12408073,945,11.22205661
41.13344241,975,11.22152771
35.4318962,1125,11.2202457
17.43078976,2310,11.21762103
57.50046049,690,11.21660178
53.7222467,735,11.1968178
32.77429444,1215,11.19669387
30.19698918,1320,11.1768865
52.50941075,750,11.16918757
39.1305348,1005,11.09261654
50.26019223,780,11.09072194
5.37471749,7380,11.05346138
39.28806806,990,10.9782843
32.56764543,1200,10.9734984
31.20667678,1245,10.93413862
24.47320338,1590,10.91138898
11.38626908,3420,10.8503512
52.96864688,720,10.81795883
27.09506289,1425,10.81434686
42.59749676,900,10.80654813
10.85043804,3585,10.80610828
38.10226308,1005,10.8032577
51.67269563,735,10.71344577
30.21574958,1260,10.70157998
23.47474789,1635,10.68836664
11.81680151,3240,10.68191271
27.79995321,1380,10.65953898
28.05293936,1350,10.6457729
61.55386438,615,10.64293524
30.67726647,1230,10.62073158
33.86099265,1110,10.58938291
29.90405555,1260,10.58214441
30.35636123,1245,10.57722155
28.48771093,1320,10.56753286
40.87858683,915,10.55653656
56.2356165,660,10.54814353
28.31088083,1335,10.53488296
29.69388647,1260,10.51602638
22.30440296,1680,10.51275521
64.17846723,585,10.50040452
36.93199382,1005,10.47721135
26.16189061,1425,10.47630562
42.56383341,870,10.47502285
22.08802016,1680,10.39899488
30.61247321,1215,10.39280428
46.21050117,795,10.38372318
23.63547818,1560,10.34388618
45.98312676,795,10.33650967
22.93300696,1605,10.33037408
24.99797695,1470,10.32728146
34.90749372,1050,10.30393149
23.9214679,1545,10.28951156
34.30767907,1065,10.28240761
13.49637996,2730,10.28154679
49.20971102,735,10.24132894
26.6278761,1380,10.22525339
44.53744265,810,10.20051288
35.95084487,1005,10.1818112
26.14779296,1395,10.15612141
49.64650753,720,10.13046294
28.14963192,1275,10.08208781
36.67978818,975,10.0783316
43.74263044,825,10.07725716
41.69741006,855,10.05990575
28.37510349,1260,10.05110335
30.1277177,1185,10.02584625
44.27448251,810,10.01195671
18.75449317,1905,9.989352189
29.22127084,1215,9.936058028
51.54555204,675,9.880049379
16.61151061,2160,9.867041172
17.64840079,1995,9.865755822
59.11495236,585,9.845891868
26.11115147,1365,9.845303399
41.33780972,840,9.825840638
22.85945684,1530,9.824912918
22.6536602,1545,9.824516104
27.63984183,1260,9.802963648
38.48913844,900,9.793278102
30.95416878,1125,9.789537268
47.71775244,720,9.729997559
29.92052732,1155,9.719205613
41.91314013,825,9.713161906
60.00422902,570,9.694647202
36.3191369,945,9.68922267
11.94548577,3000,9.686825583
35.30744525,975,9.685674374
26.43199343,1305,9.684269054
46.3520956,735,9.662317385
41.19654114,840,9.641257012
43.6145827,780,9.632265835
32.52656371,1050,9.610848521
25.03360529,1365,9.602607224
27.07355592,1260,9.597711788
22.75289412,1500,9.586572729
36.85031625,915,9.51564467
84.48961701,390,9.512746655
17.94522016,1890,9.509093808
40.03349763,840,9.506169559
33.25830895,1020,9.501938119
39.83962916,840,9.458735002
24.28427435,1395,9.455175334
58.26496819,570,9.431530188
61.70222325,540,9.413142511
37.97481452,885,9.404564966
19.78175416,1695,9.401837803
26.1163684,1275,9.364620367
36.4520042,915,9.339190889
57.15783685,570,9.285619345
42.82457635,795,9.284107338
49.48628742,660,9.278767364
37.04476486,885,9.263056436
12.12017783,2730,9.25039631
43.52436613,750,9.244947081
38.89904701,840,9.23890321
29.30422184,1140,9.238654261
32.05333544,1020,9.222035294
46.00640925,705,9.208816811
28.01468252,1170,9.20224158
43.17697584,750,9.161015778
15.91946212,2055,9.160836484
41.44128222,780,9.158691496
34.3462066,945,9.151040336
29.64574998,1095,9.149472922
44.28478963,735,9.14213874
34.25117606,945,9.133908002
20.67311009,1575,9.127465237
36.50971697,885,9.125168435
25.40976713,1275,9.113374965
22.07102604,1470,9.112042784
46.72171671,690,9.105594163
38.33904742,840,9.095514896
55.16852637,585,9.094030401
34.4369138,930,9.043874671
58.79430913,540,8.973618167
31.79502772,1005,8.959303086
34.08070581,930,8.954336008
21.49056021,1485,8.936168247
20.80758627,1530,8.933105388
20.6908293,1545,8.909054155
26.42811988,1200,8.907092475
53.80354575,585,8.887317359
38.90079714,810,8.882395885
19.66334502,1620,8.878321956
15.9621036,1980,8.854545626
25.82544685,1215,8.825349166
33.04580289,945,8.817977198
30.78486016,1005,8.734921024
12.85461507,2430,8.730038925
27.81290245,1110,8.677012948
29.71449374,1035,8.667256839
41.5487109,735,8.665332632
13.79186898,2235,8.626531253
45.6081008,675,8.59697702
51.53507951,585,8.596445609
24.20933649,1275,8.579519829
28.53647444,1065,8.566424153
15.18518843,2010,8.542154195
38.27108963,795,8.536747105
25.22064304,1200,8.519179858
33.50274304,915,8.49308992
23.33853308,1290,8.459146643
34.82239503,855,8.423638544
44.38392923,675,8.408828517
23.19339575,1290,8.404365384
44.11286158,675,8.401021315
40.20783444,735,8.371126922
60.7435417,480,8.363863762
33.06675211,900,8.35729033
28.66058037,1035,8.333642371
37.65308408,780,8.324244516
33.80150384,870,8.31300123
39.86981685,735,8.311432041
18.09529799,1650,8.31138466
17.26748315,1725,8.300517243
10.32965686,2865,8.272710766
27.92063009,1050,8.263515488
16.66965553,1785,8.228381432
32.3412294,900,8.224155977
43.11902776,675,8.207440344
46.75892362,615,8.188380806
31.14758033,945,8.180834809
36.82624004,780,8.13227932
32.83268256,870,8.07070221
18.44145791,1575,8.06191571
48.36812502,585,8.056332372
33.90033828,840,8.052221274
45.92728641,615,8.047908776
26.82149459,1065,8.045522703
30.64828606,930,8.045184592
17.71028065,1635,8.039969251
31.63124976,900,8.038452562
50.34814355,570,8.037372205
11.74569454,2445,8.033714755
26.40517276,1080,8.024318459
24.73433833,1140,7.938902648
35.81128691,795,7.936042544
24.69525026,1140,7.927590395
15.48223027,1845,7.893118865
38.70025785,720,7.887511662
29.53863322,945,7.884842382
34.95933928,795,7.873260216
23.86394178,1170,7.852036125
18.4677246,1515,7.849259044
14.69637882,1905,7.84755437
42.73760729,645,7.832261463
22.37402324,1245,7.82925067
41.66273151,660,7.813360979
32.77700341,840,7.789966244
32.97226047,840,7.771397841
22.58230187,1230,7.767707163
37.31100907,735,7.754397576
17.07348492,1635,7.753920641
53.66016524,510,7.751071944
33.76793866,810,7.741744533
35.38765879,780,7.73874872
48.98570476,555,7.731036315
28.5656529,960,7.714613659
13.1807141,2085,7.697721563
35.12786605,780,7.693538554
23.04111274,1185,7.67028408
36.52770861,750,7.670164447
13.98460334,1950,7.637567536
26.59507828,1020,7.62936688
30.47433892,885,7.621777781
16.04010856,1695,7.620268524
26.6042846,1020,7.599961748
26.38804647,1020,7.585331449
21.45438009,1275,7.574332275
43.05140516,645,7.570193233
26.19434487,1035,7.559050444
22.93899347,1170,7.556944681
17.01719042,1590,7.530995765
25.06341074,1065,7.522258758
23.10988431,1155,7.517655453
16.80156852,1590,7.493917721
34.01994758,795,7.486895291
20.1443975,1320,7.478759182
35.88940773,735,7.477644143
40.70218747,645,7.469688676
27.21251891,975,7.467345861
20.58480381,1290,7.464837466
16.1082172,1650,7.459256965
28.82076041,915,7.451224129
25.50147777,1035,7.436404645
38.1238473,690,7.433793186
20.47375687,1335,7.431692883
18.59990461,1425,7.426878598
14.6128026,1815,7.424956946
34.58099228,765,7.41136491
31.16947118,840,7.39708618
27.71367659,945,7.383497178
25.85931353,1020,7.378871794
23.57492109,1110,7.366994867
24.78713333,1050,7.324512993
23.31754303,1110,7.289253978
24.59608632,1050,7.279182562
40.57368331,630,7.275132998
14.42325039,1800,7.271980947
19.08273247,1380,7.271259653
12.60225008,2070,7.268170251
25.20356742,1050,7.262942343
31.10114959,825,7.262516167
39.56768958,645,7.262350231
41.44990041,615,7.256758807
22.2991412,1170,7.247028742
25.27547081,1020,7.231909654
41.85409494,615,7.231263687
22.1604692,1170,7.225459087
24.80186129,1035,7.213662918
19.59814277,1305,7.190023994
30.29793521,840,7.184141898
40.99156072,615,7.182292481
33.66797443,765,7.179273734
35.89019334,720,7.172342089
20.90884304,1215,7.150689602
19.49191737,1305,7.149116118
33.76529836,750,7.136228594
40.77230566,615,7.129690345
27.98552573,900,7.119964512
21.03598866,1200,7.10959016
33.40448618,750,7.108401332
26.22696857,960,7.100914629
21.88082123,1155,7.086743163
34.69532156,720,7.085993253
45.98973283,540,7.085505835
34.74857255,720,7.079659533
29.78808609,840,7.074325135
29.16706814,870,7.071932033
37.8696776,660,7.060577996
46.03434691,540,7.05635447
29.62814565,840,7.04358622
24.41298244,1035,7.031403685
36.70570644,675,7.030645403
24.42071389,1020,7.026247093
43.10438206,585,7.024347887
45.55159609,540,7.015137607
18.87691036,1320,7.007056618
38.36780601,645,6.998538233
33.53040569,735,6.992418321
18.1018265,1410,6.988594245
24.66295205,1005,6.987487851
36.79195907,675,6.946259571
27.8760936,885,6.942588347
34.73878685,705,6.940057742
27.25830429,900,6.928756929
28.71974351,855,6.928626405
20.25252696,1215,6.928228972
39.49034702,615,6.921319606
15.6116606,1575,6.903399026
20.42014393,1200,6.89206869
26.17520398,930,6.879554254
35.76682555,675,6.867463916
21.21339126,1155,6.858151323
37.91866284,645,6.85587629
20.80887661,1170,6.851716223
34.18375728,705,6.84604614
34.89796787,690,6.825310801
12.03517164,2025,6.824065339
19.94370708,1215,6.821478382
16.65539012,1485,6.817717241
35.31042272,690,6.816362782
32.65066696,735,6.809214404
27.12137522,885,6.78389664
16.08774685,1500,6.775681005
24.99003056,960,6.771141512
18.05347525,1335,6.768738409
24.98395548,960,6.767689287
33.11081978,720,6.766379313
25.35875339,945,6.763677107
32.1658379,750,6.759093633
38.53443853,630,6.74558562
17.37419841,1380,6.741919534
33.70262205,705,6.741902298
18.0630519,1335,6.741251865
20.64658477,1155,6.696407901
23.83247207,1035,6.680274632
23.22092326,1020,6.673929715
16.48313555,1440,6.673296681
45.71259029,510,6.672421207
33.3184759,705,6.669659461
37.49505128,645,6.655923254
13.61993946,1770,6.647566692
29.62430312,810,6.619787379
23.52246869,1005,6.618531906
18.5009116,1290,6.618204147
19.59647053,1200,6.600786099
43.94945054,525,6.594974354
42.74303568,540,6.593521446
35.3660545,660,6.59341405
21.31356525,1095,6.568106539
36.7184435,630,6.564950168
12.34268384,1890,6.538213069
24.31299616,960,6.526533371
18.64586987,1245,6.522867861
32.56284621,705,6.517332443
26.4102158,870,6.500998935
11.06319977,2100,6.490158438
31.11640794,735,6.489946743
22.70582278,1020,6.482737504
24.26625699,945,6.481224518
19.46783786,1185,6.467840035
23.11936108,990,6.466187705
24.62128952,930,6.466085233
28.72979146,795,6.464266331
17.26559023,1335,6.463184469
31.08230911,735,6.460551892
28.3712052,810,6.459861879
22.11863361,1035,6.456287395
28.34874048,810,6.450771834
13.55607549,1695,6.44633113
31.54177836,720,6.442583625
19.53733033,1170,6.441258367
21.05443758,1110,6.43573584
24.48916045,930,6.426175377
22.01644009,1035,6.413079467
42.630895,525,6.402394591
33.7144862,675,6.40061412
31.97453922,705,6.398538382
33.04798271,690,6.391020704
9.841991719,2370,6.38576103
19.11212589,1185,6.378776596
48.39469301,465,6.372403363
19.91893918,1140,6.369137434
21.23013429,1065,6.361584246
27.67837668,810,6.352169358
29.23999483,780,6.346432676
35.46251023,630,6.334201992
23.13428657,975,6.329591781
22.95062476,975,6.319349774
19.955782,1140,6.309075764
30.02537447,750,6.283212148
28.94768065,765,6.280713291
35.14957823,630,6.276144851
15.66203559,1425,6.264652499
20.62699027,1080,6.246263644
25.23697415,885,6.238445528
16.12684541,1380,6.235751497
15.01000076,1515,6.22752856
24.49083211,900,6.224571051
23.28520421,945,6.211873297
24.43975946,900,6.211786501
17.73129122,1245,6.210424025
22.3633642,990,6.203629363
37.20815506,585,6.201451072
34.53835043,630,6.198089214
20.43660212,1095,6.186160054
33.61450256,645,6.170645041
36.97065199,585,6.166767096
23.50975345,930,6.165616555
21.43598129,1020,6.16460307
35.1479853,615,6.152976076
15.83899953,1395,6.148750261
24.21287257,900,6.14477716
23.57105856,930,6.127567535
35.03400072,615,6.11743191
48.40424298,450,6.103951187
20.57844651,1050,6.090902233
51.12409026,420,6.090607112
28.08413117,765,6.087746288
30.3642055,705,6.079409282
23.16924571,930,6.078888611
17.36356987,1245,6.077615846
15.81842709,1380,6.073977208
26.02895727,840,6.071546198
31.6386493,675,6.067105717
17.50309883,1230,6.050387222
31.81141153,690,6.047801535
17.86233541,1200,6.034750186
26.76414798,795,6.027803218
31.4183051,675,6.026708219
32.67191012,660,6.020495197
15.2580148,1425,6.010732639
22.83227315,945,6.010095444
36.9116585,570,6.005396084
19.70774151,1080,6.001609224
29.18803526,735,5.995062589
16.20931698,1320,5.991989505
22.40021639,945,5.977807249
23.62489655,900,5.96843159
22.69824102,930,5.965777025
28.6983826,735,5.963462548
13.87624918,1530,5.955727428
36.21437212,585,5.944493687
26.80347974,780,5.928536191
22.58576778,930,5.927605373
37.90297053,555,5.922691725
31.15966281,675,5.922149095
29.9143889,705,5.907970656
32.824985,630,5.893478819
18.12908062,1155,5.893264153
20.21055454,1170,5.889731495
27.67675043,750,5.88524493
28.26709003,735,5.875338486
28.68830068,735,5.874568646
17.42417015,1200,5.872806158
17.85495068,1170,5.866818006
15.70567194,1335,5.862002797
19.48493067,1065,5.850805368
31.88374042,645,5.848318889
13.57677846,1545,5.846628236
15.06748011,1380,5.838246491
19.08170868,1095,5.837927545
24.11744351,855,5.834310193
31.65359533,660,5.829857242
62.98543256,330,5.82906159
18.86754572,1095,5.825391702
27.96987108,735,5.821541073
19.38843351,1065,5.819279721
37.30401442,555,5.817179443
19.92431255,1035,5.816392489
21.73883032,945,5.806551787
23.17543003,885,5.802447061
29.07111975,705,5.797215321
27.0221085,765,5.794750424
24.78042118,825,5.789113076
20.10115097,1020,5.78123801
14.84583232,1410,5.778281291
18.73689176,1095,5.776211344
26.72522824,780,5.770301004
21.91885056,930,5.758799072
25.56073883,795,5.756657464
23.91985934,855,5.747965772
22.8654469,900,5.732834952
16.63221454,1230,5.731214568
28.92780892,705,5.718756177
27.6048744,735,5.718437678
28.89339127,705,5.714421406
23.27366369,870,5.710239929
21.10926998,960,5.709427846
11.90995366,1725,5.709306649
31.44949709,645,5.698786993
20.09635115,1005,5.698736445
22.04744732,915,5.689105606
21.34934277,945,5.686199753
32.36842117,645,5.685984063
25.20824762,795,5.679595171
25.22335819,795,5.675436436
32.40550517,615,5.673074406
29.65756786,690,5.672012554
17.31296108,1170,5.667901676
32.33655828,615,5.666998333
33.2121855,600,5.666886604
18.47655588,1095,5.666709311
33.49994443,615,5.657106938
21.88024359,915,5.652919032
19.95006031,1020,5.645234079
31.80100189,630,5.636650117
25.94972311,765,5.619293553
27.36402175,735,5.607877253
27.41897455,720,5.606400244
28.79795608,690,5.603605498
19.20747042,1035,5.598474406
16.59716552,1200,5.591209062
27.33021773,720,5.588046479
8.230597734,2430,5.571797151
23.85207127,825,5.568657563
12.48564145,1590,5.5644631
13.86595298,1425,5.556176986
17.81447175,1110,5.555046924
41.85992981,465,5.550823359
25.25433261,780,5.542753711
34.28023175,570,5.541415387
16.03733947,1230,5.536783482
27.58571896,705,5.522668056
19.5528857,1005,5.521411518
15.8424103,1245,5.520281755
32.6096503,600,5.516072289
44.54761772,435,5.514328403
31.46018732,615,5.509738221
39.04251233,495,5.506168225
17.57548723,1110,5.504005925
30.7078605,630,5.500261814
22.33511963,885,5.498706042
28.07213463,690,5.497609073
25.97170426,750,5.494412811
8.445765499,2325,5.489534147
34.62896277,555,5.486096453
29.25461789,660,5.481617603
45.26236108,435,5.479393561
15.47001595,1275,5.474452702
24.5326217,795,5.474187843
22.94306744,855,5.474000352
36.53684023,525,5.469919581
29.79203773,660,5.461459436
16.81111499,1155,5.459762133
32.10408381,600,5.44994697
27.80574009,705,5.447811291
29.07364455,660,5.447205339
22.51661938,855,5.440398057
19.54449013,990,5.438757568
20.69772104,930,5.435251096
24.17400286,795,5.432838822
23.31489931,825,5.428080039
37.23441392,600,5.424369676
30.19637766,630,5.419635113
16.62598547,1170,5.415775297
35.7054893,540,5.412524047
13.4316666,1455,5.408072576
25.91882121,735,5.407056515
29.45071212,645,5.392445016
29.24717333,660,5.376194646
25.10160435,765,5.37533838
16.75420547,1140,5.374542754
16.75038371,1140,5.371684896
15.2764907,1260,5.368970102
16.08324695,1185,5.367507625
29.35146662,645,5.363707548
13.25834434,1440,5.360019461
15.71655284,1215,5.357812116
19.50003677,975,5.354765297
22.96826804,840,5.353242005
26.45435427,720,5.35128105
19.98103655,960,5.349030738
21.72075046,870,5.346356126
8.936419224,2175,5.346157507
32.0826789,585,5.342930304
21.02248626,900,5.336131121
12.91091563,1485,5.333569211
17.51225461,1080,5.333563812
42.46181627,450,5.330245667
23.20651119,810,5.32590145
29.68027868,630,5.313822521
23.48505386,795,5.289170844
24.87392066,750,5.285591716
22.55387349,855,5.283338386
22.04860868,870,5.283010936
19.52168872,975,5.271918501
30.06399512,615,5.265566239
21.02837416,885,5.262745018
22.53758392,825,5.259415518
24.28361716,765,5.255585238
20.00635289,930,5.251266884
19.35897069,960,5.243868578
22.08202952,840,5.243233275
47.74434294,390,5.238282796
73.87442127,240,5.224403076
25.58357552,720,5.219551045
17.3730178,1065,5.215655195
25.6104884,735,5.213945933
16.0172608,1155,5.212603077
35.6907388,510,5.209929305
28.40025466,645,5.204851286
15.57363216,1185,5.197458188
22.65163959,810,5.195838059
18.02938031,1020,5.191528728
31.91765745,570,5.189861887
30.71299881,600,5.187207658
15.89225243,1155,5.174368511
34.53381345,525,5.173198374
42.32495398,435,5.172084268
18.82326259,975,5.169515619
20.66157062,885,5.168592842
27.52478514,660,5.167784261
23.89919954,765,5.164045362
33.44043109,540,5.162382246
21.84142063,840,5.159114697
32.54774385,555,5.157833318
15.05985038,1215,5.150430323
28.58459592,645,5.147815942
22.05577185,825,5.141736591
31.82901399,570,5.141697224
27.12654229,675,5.129540931
30.77982238,585,5.125964837
18.92104747,960,5.125601127
13.42772447,1365,5.115440099
26.10189057,690,5.113307835
22.70939878,795,5.110691946
16.76978033,1080,5.099888867
18.81965906,960,5.096608705
18.11288687,1020,5.096042609
42.444095,420,5.092064537
38.0817717,465,5.085496696
26.9367917,675,5.083939494
29.03329533,615,5.083510986
25.17633045,720,5.076224043
25.31692553,705,5.063766737
16.41982071,1095,5.058977297
44.88606502,390,5.055263249
29.60295672,600,5.050703833
13.44948633,1335,5.044591745
21.58514996,825,5.042077457
15.91746541,1125,5.041069805
15.99871405,1125,5.034620444
24.84396669,720,5.032479971
64.99018737,270,5.029873546
15.15100932,1200,5.028251367
20.79541717,855,5.028098694
18.40898178,975,5.02196059
19.78563684,900,5.02065313
21.12950341,840,5.008258362
23.15152466,765,5.007088635
22.85804819,780,5.001658131
18.7668545,945,5.000763368
24.50254981,720,4.997219475
23.06805745,765,4.989473769
22.88107415,780,4.988187011
16.86460545,1050,4.981941945
34.09488316,510,4.975380528
22.939163,765,4.968633104
16.84318876,1050,4.968570565
15.10032786,1170,4.965988218
30.57642581,570,4.963592351
25.32751537,690,4.960140527
23.81717931,735,4.958423416
18.28633304,960,4.957422406
41.07496234,420,4.954907331
23.21036087,750,4.937801459
13.92015489,1260,4.929427225
23.148504,765,4.928884806
15.55871966,1125,4.928582322
17.35996725,1005,4.921114967
19.66037311,885,4.90975934
36.22213272,480,4.909731235
30.26218729,570,4.90940753
25.66231927,675,4.898825388
38.62383112,450,4.897677066
13.97367322,1245,4.895499417
21.79041208,795,4.89449871
16.77356142,1035,4.894408823
25.14678325,705,4.885563293
31.66409824,540,4.881983901
18.29710129,945,4.875586428
14.83518947,1215,4.873296403
19.53383367,885,4.87116976
19.50805083,885,4.87101477
33.30139956,510,4.858927146
17.45363284,990,4.857501764
26.26405415,660,4.856302825
26.42950715,645,4.844942782
24.67258405,870,4.844869096
17.0643606,1005,4.843360741
27.31514318,630,4.842459689
13.98121524,1230,4.842411244
23.24552248,750,4.839440604
19.40969651,885,4.835574491
27.0040551,630,4.835463807
30.96920186,555,4.834624146
16.5594478,1035,4.834064209
16.56483672,1035,4.824058189
11.956083,1440,4.823065496
33.08210298,510,4.821334613
91.98133189,180,4.814978465
19.53344193,870,4.809351077
37.17438436,450,4.800958733
34.4849465,495,4.793403299
20.49638801,825,4.789379708
29.63777569,570,4.78560815
42.18002368,405,4.783517751
26.07139274,645,4.782478228
25.4808907,660,4.776169808
20.36170427,840,4.774008861
17.0841268,990,4.768882878
19.69236381,855,4.765302859
27.91825783,600,4.764393604
29.30402168,570,4.760609743
35.78814911,465,4.75875318
13.65314142,1245,4.75737213
22.31626136,765,4.754818637
21.85189816,780,4.753812723
18.08450962,930,4.744527432
11.59559826,1455,4.743112611
21.06853353,795,4.741556527
15.81643751,1065,4.740389869
27.61611602,615,4.733735109
21.77757779,765,4.725793376
13.79725393,1215,4.711772683
35.31203302,480,4.707275683
7.894224113,2130,4.705638906
19.17225802,870,4.7055403
24.89012954,675,4.703756375
30.46958682,540,4.702906229
36.24650107,465,4.701107987
30.54087288,540,4.698058968
34.19592322,480,4.697653601
15.23457773,1095,4.687298229
15.73937715,1065,4.686643165
30.38511093,540,4.683317761
24.30112663,690,4.676935598
22.42217294,735,4.676378664
24.1801593,720,4.675307333
29.76634023,585,4.6689952
24.85831309,660,4.665303168
30.57125881,540,4.665232682
21.58999435,765,4.661476969
18.42267779,900,4.661209299
19.5938803,840,4.659646476
15.62533196,1065,4.647873688
21.75848581,765,4.640902677
12.59560709,1305,4.626729811
11.32563297,1455,4.617810445
19.27532982,870,4.616742614
17.73855381,930,4.614468242
24.40646119,675,4.600661051
26.28938307,615,4.597816251
38.7282356,420,4.596520027
20.49801259,795,4.594509716
17.81001027,915,4.592983482
27.53793012,585,4.584975749
20.34342109,795,4.58055156
21.58472927,750,4.58015475
20.6903881,780,4.573346428
31.27808955,510,4.559429196
18.5805386,870,4.554137862
13.36589687,1215,4.553418356
25.67832894,645,4.553276974
27.49415083,585,4.552400402
18.8610661,855,4.551902798
25.92229286,615,4.540827089
12.25727416,1335,4.532313502
29.59107859,540,4.53151291
35.01793867,450,4.51575039
22.99275763,690,4.509749133
19.33190912,825,4.507625576
20.41073902,780,4.505581444
17.40397812,945,4.48900022
19.91605964,795,4.488791434
17.64459957,900,4.477825115
31.97688999,495,4.477022072
12.35449505,1290,4.47415355
17.31650006,915,4.47408938
23.38576655,675,4.467384024
23.31825007,675,4.463144802
28.936777,555,4.441707321
28.35585047,555,4.434752456
16.19123309,990,4.419704664
15.1400441,1035,4.413251345
13.77845943,1140,4.413152435
23.96270915,645,4.399348079
10.89361671,1440,4.398792882
23.95013851,645,4.396537959
30.358412,510,4.392006185
16.45333578,945,4.391395162
26.31755015,585,4.389212625
32.8740955,465,4.389187437
31.25020315,495,4.388263968
19.50352446,795,4.388236746
15.47731214,1005,4.384112268
10.8481052,1440,4.383043913
23.93806616,645,4.374004803
35.79725809,435,4.372715255
35.50271905,435,4.372492313
13.17111229,1200,4.372148369
24.4083269,630,4.366980731
20.74906134,750,4.36346625
12.77391295,1230,4.362356133
23.73793289,645,4.355080656
9.875162504,1575,4.349562381
23.15480482,660,4.347786467
16.29677937,945,4.344846135
21.71216898,705,4.344820952
25.43170631,600,4.344765774
19.00229764,810,4.344015955
13.85019215,1125,4.338176833
15.75163193,975,4.333427878
14.91645516,1035,4.329476253
43.39687233,360,4.325610384
16.88185505,915,4.321528375
17.57187672,870,4.319828165
23.00947572,660,4.31583768
20.25088678,750,4.308489299
19.62449787,780,4.307545002
19.82128143,765,4.300772668
10.2284311,1530,4.296368094
17.46049492,870,4.295954697
13.40446032,1170,4.293808483
35.52810485,420,4.292923663
19.90338793,780,4.292635207
18.38482205,825,4.291793199
21.43000937,705,4.288849206
16.58100905,915,4.279953273
18.31572905,825,4.27549914
18.3142783,825,4.274601973
21.35447092,705,4.274037257
15.75792793,960,4.270702911
40.91607734,360,4.268806254
10.80768853,1410,4.25877465
27.5999124,540,4.253861106
23.24037838,645,4.251051965
12.93573878,1170,4.25101545
15.0360626,1005,4.250652072
14.5400798,1050,4.249935114
24.89559847,600,4.245167177
16.19128353,930,4.244653019
29.92288244,495,4.243797101
15.90161989,945,4.240145432
18.47322149,810,4.236708732
21.63812723,690,4.236406033
28.91177029,540,4.23486871
20.29827319,735,4.23241047
20.34637726,735,4.22982565
17.50887451,855,4.221066734
17.44108314,855,4.217169038
14.69981796,1020,4.216575084
15.09821737,990,4.216223897
22.92726763,645,4.20960748
16.02376925,930,4.207734436
21.02000295,705,4.20597392
20.20316672,735,4.203635895
14.84755744,1005,4.201845282
15.96785727,945,4.196872016
17.06676306,870,4.196209006
21.40641831,735,4.186204381
20.38361415,735,4.182691397
34.94311008,420,4.179695262
17.51348686,855,4.177742034
8.481426979,1755,4.177659003
28.51577345,525,4.176766112
29.14216709,510,4.174876055
28.73451005,510,4.174158748
12.50138599,1185,4.168714068
14.57631411,1020,4.16315043
13.15033125,1125,4.159272382
13.88632958,1065,4.159061939
15.81862274,930,4.140958415
23.07878675,630,4.135848
11.83086669,1245,4.132364126
22.52429482,660,4.130071157
34.4946902,420,4.128290424
28.19527789,525,4.126253457
24.12953232,600,4.124265433
27.51214131,540,4.124190969
15.41839841,945,4.117577441
13.16332996,1110,4.116928155
9.875008039,1515,4.10788371
23.54895139,615,4.10631461
16.69084183,870,4.106301112
17.57507716,825,4.100982306
50.32556359,285,4.096840367
15.99847341,915,4.096451107
19.24773387,750,4.091633345
27.37839793,525,4.089072305
13.08091572,1140,4.087531612
19.21790163,750,4.085389895
32.6451379,435,4.080825408
17.45987493,825,4.080783517
16.29400715,885,4.076086568
26.42611638,540,4.068668647
21.2168669,675,4.066210351
19.86950934,720,4.059850621
16.70647379,900,4.05644149
19.14456523,750,4.046316285
17.01992606,840,4.041359814
21.52134367,660,4.038448057
10.64580314,1350,4.037783588
19.41244549,735,4.037041633
20.59685616,690,4.036426299
22.82492511,645,4.033827344
65.69598097,300,4.024373497
18.60503054,765,4.02344337
23.04085779,615,4.022011493
13.61835117,1050,4.02171068
26.79246259,525,4.020997219
31.11676821,450,4.018797382
20.22664815,705,4.017191063
24.88022668,570,4.01131046
18.5055005,765,4.01015015
18.52113836,765,4.008962362
13.90593196,1020,4.005328893
18.8709009,750,4.005124674
18.45979338,765,4.000030176
34.29857905,405,3.997492204
22.75274535,615,3.984585263
18.34240145,780,3.981029477
24.55976806,570,3.979711489
17.09979587,825,3.979447474
27.88925439,525,3.979219399
25.75645063,540,3.970930856
20.30914415,690,3.969882858
17.60948301,795,3.96935476
25.72034483,540,3.968695921
23.75648688,585,3.966445514
28.73608572,480,3.958925174
32.45795337,435,3.958097842
28.71121677,480,3.957115728
23.12697587,600,3.955576563
12.82458441,1095,3.953262811
14.59167713,960,3.939719595
26.20546391,525,3.935969329
19.31557967,720,3.933860293
13.69030613,1020,3.933404853
28.91495348,480,3.931791886
12.63386541,1110,3.926017513
18.92376274,750,3.919775354
19.60061333,705,3.918500596
22.16833104,630,3.918240385
36.03420433,390,3.913756023
32.06697113,435,3.913385288
20.4202084,675,3.912761602
18.48320046,750,3.910853945
9.884341134,1440,3.909749436
32.72156472,420,3.898943897
30.15461916,450,3.89633098
20.8506284,675,3.891795511
12.94857574,1065,3.88863411
32.47972442,465,3.887383081
22.52589717,615,3.885071363
26.29772706,525,3.88051988
30.06647824,465,3.875589069
20.20725026,675,3.874396484
23.21605126,585,3.873449373
20.23639191,675,3.873191625
22.12419781,615,3.870705782
17.20382981,795,3.870226943
18.98250934,720,3.867999648
13.47011078,1020,3.864787916
16.24257198,840,3.861741436
18.86163593,720,3.852877826
14.90030802,915,3.848333664
15.62794441,870,3.842292305
20.04591239,675,3.84005568
21.37912138,630,3.835385893
18.83604918,720,3.834105836
14.35111557,945,3.830924257
14.61300527,930,3.825968322
22.35848209,600,3.823963933
27.41208681,495,3.821073064
22.92640391,585,3.819523558
18.51647119,750,3.818428432
46.70582794,300,3.812684658
9.610232967,1425,3.811711317
15.24690372,885,3.810276582
19.71971613,690,3.809725143
28.53970162,465,3.809098898
18.67055509,720,3.806416864
18.66314955,720,3.802645016
14.02949324,960,3.798857279
28.49500949,465,3.798678959
12.31656989,1095,3.79850341
21.53018947,645,3.789163104
23.26575811,570,3.78605479
34.97114027,375,3.785115831
17.24144869,780,3.78106284
16.87475129,795,3.778896333
18.14771079,735,3.774684285
21.53369206,615,3.771703778
19.66337832,675,3.771125872
37.55246236,360,3.762454538
23.06550605,585,3.75214925
17.99190865,735,3.750047344
15.79821399,840,3.75000961
17.62176046,750,3.74875454
47.42968877,270,3.748045737
16.34398451,810,3.747939158
16.19052597,840,3.744015953
18.00168032,765,3.743139685
27.50166027,480,3.739130551
10.97515682,1215,3.737833694
33.87590818,390,3.737314244
12.44318753,1065,3.736494534
27.11504993,480,3.735196443
20.39711135,645,3.734881249
26.8225069,495,3.732290941
20.83325869,630,3.731826491
25.54421234,510,3.729498252
41.37491622,345,3.728211362
15.93237305,825,3.721113898
17.83818112,735,3.718164443
34.27845947,375,3.715512648
20.68943944,630,3.714037921
22.82346156,570,3.713764028
18.19280004,720,3.707024468
23.03519355,570,3.705009557
15.41115738,870,3.699231835
24.070566,540,3.698890193
11.98709242,1095,3.692774754
28.55324315,450,3.687587871
27.14160093,480,3.685203856
20.08793332,645,3.682765
13.47368127,990,3.678321931
20.95324897,615,3.670000094
22.02507369,585,3.663538987
20.42584222,630,3.663018127
20.72131072,630,3.656852832
19.49960406,660,3.650784957
15.9212315,810,3.648318711
30.19062281,420,3.64731879
49.36928517,255,3.646513185
26.45192819,480,3.641513814
19.47853032,690,3.637310334
32.25398737,390,3.636007092
23.52288425,540,3.631751053
17.13964835,750,3.628974361
30.02505088,420,3.62743329
12.46515667,1035,3.623264277
23.22266594,570,3.618600248
30.12518568,435,3.608025943
22.19789462,570,3.606839629
30.91707062,405,3.597189959
22.63566241,570,3.595285469
21.80210024,600,3.593254841
19.18894711,660,3.588654113
25.15495289,525,3.587804457
23.67080213,540,3.587659487
16.82895198,765,3.581636558
27.53299537,465,3.581171992
9.886575526,1290,3.579900584
14.08243694,900,3.576998779
21.13154834,600,3.576514156
28.70292651,435,3.575072654
19.81464217,645,3.574038401
17.11707423,735,3.570315364
14.01938328,900,3.564335245
18.29148534,705,3.559161893
31.60477114,390,3.555134922
22.63546073,555,3.555089565
19.35995901,645,3.555060936
18.1465175,690,3.554880849
14.97176235,840,3.548353131
24.50746116,510,3.547738295
21.34241302,585,3.544384733
21.78934085,570,3.542415803
28.31938662,435,3.54135386
35.21139381,360,3.541116344
28.65199067,435,3.540632119
15.99793845,780,3.535806921
11.99333799,1050,3.535312492
18.20301672,690,3.533800401
13.04054844,960,3.529186127
22.86955094,540,3.524069607
25.2213149,510,3.522021378
20.61336815,600,3.520302795
20.6502782,600,3.51681598
20.67196964,600,3.515144846
19.11194133,660,3.512898661
19.58678683,630,3.507825742
20.04912182,615,3.507421401
11.0627786,1125,3.502490252
16.75925531,735,3.497887932
25.43948558,480,3.496912924
22.73533795,540,3.492870947
17.5771634,720,3.492418367
13.70394431,900,3.487423062
17.80902922,690,3.48714454
19.97283117,615,3.487013209
12.68221904,975,3.486800075
12.75480774,975,3.486668094
27.20804842,450,3.482382533
13.91170529,885,3.482248754
22.14027422,555,3.479391535
18.5432918,660,3.476594773
21.94475231,555,3.476178207
23.54252543,525,3.475695571
15.42868234,795,3.473372135
21.90619518,555,3.472432897
11.21232485,1095,3.45565138
17.26079877,705,3.454066814
25.87618039,465,3.452050461
19.36333777,630,3.450140256
29.79436946,405,3.447716638
14.27318753,855,3.447440155
19.56318625,630,3.446295124
18.04162451,675,3.446131174
22.98051327,525,3.441264174
18.40072427,660,3.440028978
20.7126484,585,3.439504409
22.90820153,525,3.43936222
26.97448125,465,3.436776272
18.36328746,660,3.436657042
18.31581618,660,3.431917792
17.14504365,705,3.426249641
47.35700398,330,3.424594565
31.36373206,390,3.424080102
22.78438927,525,3.418506892
42.1015282,285,3.418205371
25.02879503,480,3.417588073
35.66137348,330,3.417099735
14.19238069,855,3.41556334
16.06593336,750,3.414182693
24.09475055,510,3.410505331
20.19942815,600,3.405519563
23.62233466,510,3.397367688
17.10579552,720,3.396762754
28.67756126,420,3.393992124
35.57386261,345,3.389351351
24.52341659,495,3.386684125
21.37010508,555,3.385867703
22.73847374,525,3.378489428
34.49127771,345,3.377738243
31.59950222,375,3.376161941
13.96865255,855,3.373590235
15.25931628,780,3.372904466
14.42826393,825,3.371655886
17.62150273,675,3.369621855
10.78067623,1110,3.369499472
27.39436556,450,3.368855359
13.03532577,915,3.365491885
22.41322239,525,3.364075981
12.67525137,945,3.356395234
19.66586548,600,3.352123859
19.61734267,600,3.351796481
15.4238278,765,3.341589027
14.46870936,840,3.341340531
22.23595292,525,3.334475195
7.83337536,1515,3.329753478
20.38828834,600,3.328258204
13.2998156,885,3.32217306
27.111126,510,3.318848618
21.81130411,540,3.317685966
20.31427334,585,3.315880668
27.45360916,420,3.313955554
20.14368935,585,3.305795561
23.74026525,495,3.305255439
31.85633539,360,3.303883398
20.04431902,585,3.301567536
33.91318907,345,3.300217845
34.99773237,345,3.294980188
12.36866556,945,3.290147968
15.77223856,735,3.28851834
18.84652691,630,3.288071728
23.24684067,495,3.284946487
16.75114121,690,3.279820404
21.81798005,525,3.278360346
37.45605232,300,3.277875833
29.52304343,390,3.276509666
16.60831271,705,3.275245348
14.58260135,795,3.272746117
27.98705437,405,3.264771071
16.20082247,720,3.262782468
22.41686819,510,3.259501433
20.03722394,570,3.255397002
18.0919623,660,3.252735601
10.51810648,1125,3.251928258
17.34570933,660,3.249537635
22.25373014,510,3.248874521
22.25808767,510,3.247174205
19.99970852,570,3.239762152
27.45476413,420,3.236832612
16.55697811,690,3.231615202
65.97756273,165,3.231118811
16.17248734,705,3.225772115
12.60265636,930,3.225064174
25.80376583,435,3.222503516
14.85955541,765,3.222282892
22.768725,495,3.219910722
24.77877543,450,3.198943072
19.25069919,585,3.197997068
17.80005771,630,3.192958787
24.70260837,450,3.189053886
31.26491652,360,3.188932818
19.59007544,600,3.1884675
19.60146765,570,3.187076812
44.73240962,255,3.185192552
26.88503217,420,3.181903807
33.24056637,330,3.175079346
12.84959962,915,3.170338809
28.96712567,390,3.168185104
15.84839618,705,3.166000983
16.12052886,690,3.159447788
29.46605363,375,3.155176087
21.68575759,510,3.153988129
12.67317195,885,3.14833827
14.35071464,780,3.143985757
14.79342328,750,3.143036612
22.18473603,495,3.138992421
17.93397539,615,3.138654068
20.35744575,540,3.129374705
24.27415463,450,3.124063788
21.85923196,510,3.123376948
27.83140547,390,3.123053388
31.62022818,360,3.122919039
12.04479297,930,3.119467581
17.82697374,615,3.118220544
16.5870741,660,3.111304919
15.42834911,720,3.109913376
22.61268005,480,3.108848727
15.25172042,735,3.10856116
29.79474179,360,3.103435091
22.1129404,495,3.101616391
26.59476206,405,3.101298193
10.47930004,1050,3.09883636
26.56507581,405,3.096584159
10.97157225,1005,3.096581776
24.00419885,450,3.095036515
13.74469523,795,3.094197535
30.53691471,360,3.092176448
11.41300021,960,3.091728781
15.43754148,705,3.091098596
19.50838144,555,3.090300264
6.565918058,1680,3.090010014
15.42584993,705,3.089858763
17.63821252,615,3.087602129
17.66112,615,3.082978996
16.11430569,675,3.078916997
27.48786616,390,3.078692157
11.79538473,930,3.073261149
30.79497968,345,3.072454836
23.08772514,465,3.071560952
29.4103746,360,3.068951415
17.15488703,645,3.067458969
12.68623744,855,3.058839086
12.86716121,840,3.05812293
14.8784857,735,3.057356551
15.49606038,705,3.057184275
26.17446459,405,3.056626189
21.6931207,495,3.053199782
25.28951091,420,3.051978471
18.72397937,570,3.04178642
16.80600247,645,3.039467454
27.08178715,390,3.039346264
23.25429072,465,3.037514101
18.73360405,570,3.036748579
25.54580697,435,3.03395173
20.64626365,525,3.033734954
22.03961498,480,3.033569978
13.73801309,780,3.030182944
29.07430314,360,3.02981251
21.98368789,480,3.026080861
16.27270795,690,3.022261518
15.10435143,705,3.019745264
9.913666672,1080,3.018922916
20.67793803,510,3.018589443
34.4668283,300,3.017101669
36.14932367,285,3.015183679
40.76097227,255,3.013332749
17.20307986,615,3.011985611
14.44081475,735,3.010620344
22.28804239,480,3.010609807
15.69447541,675,3.007167148
14.48432432,735,2.997940742
15.30592639,720,2.997494915
10.77325277,990,2.991894981
14.40838468,735,2.991033573
14.491647,765,2.989144493
37.04122589,285,2.986419193
31.23881043,330,2.986343206
15.74324444,675,2.981413515
12.76246855,825,2.980115873
19.91960799,525,2.979223827
17.26186531,615,2.978326904
15.98006468,660,2.9752953
19.78933626,540,2.973358098
21.62048176,480,2.973214097
16.58774578,630,2.972858153
20.70266981,510,2.970805497
5.934804004,1800,2.970696649
29.6790532,345,2.970688771
13.7804925,780,2.969834191
17.46996718,615,2.969720546
18.80310545,555,2.968806532
16.11140683,660,2.96697692
32.63245671,315,2.966561072
22.23895701,465,2.965916931
21.75624159,495,2.963579162
12.6774725,840,2.961775625
10.44776277,1005,2.950470376
33.75728626,300,2.942187208
29.52358597,345,2.938722459
24.34434717,420,2.932881304
26.04663409,390,2.932642711
23.91818808,435,2.931123637
25.08101108,405,2.929548176
10.91833721,975,2.926942654
21.73019294,480,2.923783565
17.29445757,600,2.918842328
8.207035969,1320,2.916757749
29.19527254,345,2.916235389
25.88101199,390,2.912097209
23.90388498,450,2.910820162
14.32199421,720,2.910526544
15.98031934,645,2.910484609
14.27248719,720,2.90509956
15.13198187,675,2.902689234
15.13113399,675,2.902128342
18.81450372,540,2.901781683
35.66282942,360,2.901328376
24.74343203,420,2.898102629
23.89099051,435,2.897196389
16.14527058,630,2.897050268
17.77757273,570,2.888348163
12.38307326,825,2.88821029
21.73327048,465,2.887006851
19.84788911,510,2.886001685
19.76452167,510,2.885865909
29.02210568,360,2.883716614
22.6711298,465,2.881581964
21.11456336,480,2.881173869
12.64636977,810,2.880140534
21.66702383,465,2.879958896
16.62055253,615,2.87973317
11.54957225,885,2.876008145
22.19582935,465,2.871377233
9.699035793,1050,2.868874279
16.67590845,615,2.865858405
18.59742261,540,2.863441999
16.92823827,600,2.861603192
20.17237249,510,2.858435217
20.15258179,525,2.857028924
18.5342898,540,2.855585842
17.65783318,570,2.854801118
12.69327206,795,2.854671624
17.32143823,585,2.853055976
11.16321268,900,2.838436095
17.88845406,555,2.834175737
11.74285715,855,2.829581787
21.18778901,465,2.82534043
33.78145557,285,2.816368526
24.09715225,405,2.81099665
20.70063909,480,2.810340129
15.01646619,660,2.804053812
17.08992512,600,2.803752336
17.01044835,585,2.801711699
24.87878232,390,2.801650646
34.42535374,300,2.8008939
18.74607515,570,2.799716764
18.13198134,540,2.796715713
14.90044111,660,2.796142757
15.59581931,630,2.794086142
24.12781658,420,2.793599037
25.06352278,390,2.787504927
21.26499056,465,2.786514192
18.56136753,525,2.785547937
15.23103288,645,2.781587419
23.54817799,420,2.778912552
30.37773625,315,2.775870076
19.57519269,495,2.775364314
25.64269989,375,2.770964058
19.00830925,510,2.770045143
18.48399445,525,2.763301629
18.38213912,525,2.756416678
18.14819449,540,2.751543739
28.85841499,330,2.74986064
12.42966206,780,2.746581884
20.5814646,465,2.745977729
17.37150683,555,2.744496524
9.97508974,975,2.739915343
13.68759906,720,2.733167005
17.70775281,540,2.727815585
25.24003543,390,2.727729474
11.15566218,870,2.719325678
11.22732373,855,2.711534913
15.85523628,600,2.709261659
19.97122557,480,2.709145093
22.03640894,435,2.708349691
16.64492221,570,2.704781384
15.8345641,600,2.703981489
17.51127045,540,2.70054893
21.33324688,465,2.697720953
19.60081993,480,2.697459267
29.98147243,330,2.697060997
18.73541515,510,2.694317933
23.94098953,405,2.692200437
20.20071233,465,2.691620402
14.34309952,660,2.69078234
19.64338879,480,2.690070554
23.12242961,420,2.687927152
23.03935613,405,2.687895321
25.3938274,375,2.683882123
22.25199417,420,2.681113762
26.02374051,360,2.67828977
15.75060197,600,2.676603281
23.80409928,390,2.675144002
38.24255402,240,2.672536551
29.13131847,315,2.669785533
19.50822408,480,2.666537625
13.30235839,705,2.661328759
16.21596969,585,2.658374973
18.96307978,510,2.656008379
40.76337236,240,2.655721581
15.16932003,615,2.65514162
22.48950823,420,2.641179542
15.06964885,615,2.640069259
24.34849968,375,2.639695826
13.17283629,705,2.634925061
13.59971961,690,2.634689001
16.64599092,555,2.633378253
30.04552291,300,2.631782145
18.72836936,495,2.63086614
14.02587827,660,2.629332551
19.20822734,480,2.629176523
21.92998795,420,2.629116564
9.589776351,975,2.628924953
19.76828443,465,2.625394827
25.40642911,375,2.62306849
8.050251361,1185,2.621330157
22.33950018,420,2.620510832
16.65551792,570,2.618120997
16.97272233,555,2.612687282
20.82539523,450,2.61239493
33.0427261,285,2.610768532
25.12519738,360,2.608664444
17.24280299,555,2.608513402
12.25630507,750,2.604109068
14.48218821,630,2.598270407
11.77770391,780,2.598248883
16.85276008,540,2.596317436
20.12044894,465,2.595186748
10.9043426,840,2.592111184
11.03625963,840,2.58781654
17.3011337,525,2.586487888
22.9646229,390,2.585016304
21.33684406,420,2.581754756
25.79892918,345,2.581210289
16.28911349,555,2.578140243
24.86621942,360,2.577339751
11.68312575,780,2.576183582
17.6944924,510,2.572788931
25.66849979,345,2.568358178
18.17381529,495,2.567407332
11.17932839,810,2.560374358
20.70109492,450,2.559122303
9.780945433,930,2.558125832
12.18738104,750,2.557722073
12.06696789,750,2.557099625
22.01800809,405,2.556261121
12.51598656,720,2.555140236
60.39605226,165,2.552821741
13.9125788,645,2.552202529
26.61375988,330,2.550322288
17.98528141,495,2.548545328
15.27904068,585,2.545787439
18.50198421,480,2.545353239
16.53764486,540,2.540357614
15.59492774,570,2.536928161
20.16501619,450,2.535998039
18.53686194,480,2.534570873
27.63603992,315,2.534458538
13.2689633,675,2.532792183
17.35551603,510,2.530120244
16.29218556,555,2.52989786
9.05798819,990,2.52900746
20.28605618,435,2.527830442
11.7192014,765,2.517748206
27.75061182,315,2.517144976
18.24834824,495,2.516857812
20.10884171,435,2.515444451
18.93043629,465,2.512290998
21.61006048,405,2.511697328
25.26739182,360,2.51016342
30.24918071,285,2.508601074
15.48500633,570,2.495131216
19.37847628,450,2.491455361
12.88394043,705,2.489663499
17.5576536,495,2.487965037
15.30152323,570,2.48657457
12.9988584,675,2.482718642
18.8350834,480,2.48077175
35.27627158,255,2.479121289
13.21839676,660,2.478926327
4.368943006,2070,2.476262281
28.56407517,300,2.471349939
17.9358061,480,2.467940981
17.372311,495,2.46180261
13.47633336,645,2.460444297
17.86330586,480,2.457877862
18.40613339,480,2.455466778
28.05414835,300,2.455197825
19.70601814,435,2.451152895
14.67933022,585,2.448465517
22.61994303,390,2.447846265
17.79127024,480,2.446027955
13.70598832,630,2.445767182
14.03907387,615,2.444142986
16.74463939,510,2.439915935
21.67051639,390,2.439293816
15.07249028,570,2.437927965
18.38391502,465,2.435524024
17.2564227,495,2.431480823
25.98781199,330,2.423978851
26.91707161,315,2.41939094
18.74787709,450,2.41857774
26.47146346,315,2.416985741
18.69981422,450,2.415075937
17.1536478,495,2.415006937
9.043366212,945,2.414816438
16.0667555,525,2.409925059
24.05295976,345,2.40908328
18.28923502,480,2.4089765
20.6165544,405,2.406636375
24.03577406,345,2.405199332
14.40755844,585,2.404052306
18.60462613,450,2.397709625
16.45329313,510,2.397160971
10.48645019,810,2.395536034
27.7209827,330,2.395474881
23.63454604,360,2.391914903
12.2487245,690,2.386933328
33.62556441,240,2.383139341
17.28875627,480,2.376031495
17.81697523,465,2.372152034
19.99682149,420,2.370640849
33.33469895,255,2.36845605
22.13452007,375,2.366156525
21.79510569,375,2.363706544
20.25355867,405,2.363353326
11.48648223,735,2.363341577
25.04618002,330,2.361169663
19.5413938,420,2.360238266
15.99103233,525,2.36023393
19.81015986,420,2.357609543
11.17652078,780,2.357371944
33.94485952,240,2.354628092
23.52809929,345,2.353328854
23.53619249,345,2.353321902
27.80656224,300,2.352838419
24.59014741,330,2.352646025
17.11454802,480,2.351163416
21.72094107,375,2.349906188
59.1514403,135,2.348458254
17.59440828,465,2.34482929
11.79956762,705,2.344705938
20.14136723,405,2.341857983
16.40445065,510,2.338234763
23.99242732,345,2.337496401
14.35429989,570,2.322562038
17.41878483,465,2.322520449
14.7705235,555,2.320000993
32.22260057,255,2.318966438
51.51144083,225,2.31734726
41.91139627,210,2.316494807
14.31835507,570,2.314850559
14.61228395,555,2.313470274
25.37823471,315,2.303524352
21.24088603,375,2.301778907
17.52688657,465,2.301753458
19.19436236,420,2.301553435
18.70304503,450,2.298667435
14.47462715,570,2.296709888
16.25674151,495,2.295830839
15.78822585,510,2.294172299
10.63671449,765,2.292753993
12.62071936,645,2.289310573
22.39532276,360,2.289261406
12.18915309,660,2.287897872
22.28362983,360,2.283091128
20.38910218,390,2.281294477
13.71489293,585,2.27802471
23.94751362,330,2.271443102
22.31437704,360,2.271030692
17.58677294,450,2.270677637
24.84756826,315,2.268822521
23.70117622,330,2.262130275
11.57691436,690,2.261951396
20.10976647,390,2.258584029
18.13610942,435,2.256747514
15.02257779,540,2.253303008
17.06142456,465,2.250693885
20.11756264,405,2.246541659
36.10069196,210,2.246417726
28.51889921,270,2.246101169
20.62927794,375,2.23667091
18.54153015,420,2.232724933
17.82828675,435,2.232382108
14.05738663,555,2.228557672
18.59492377,420,2.223043605
17.20455286,465,2.218643328
17.18546649,450,2.218047301
12.3916067,645,2.213992279
22.12276541,345,2.213246823
24.45477266,315,2.212858461
15.16544151,510,2.211668321
15.20978477,510,2.210411878
23.62645685,330,2.209022094
13.58711929,570,2.207512905
12.62656654,645,2.204419619
66.02454102,105,2.204042946
15.08688534,510,2.20121213
16.58134232,480,2.200727523
20.65442566,375,2.200113339
8.645445531,900,2.198980963
9.945266886,780,2.195353297
15.49186175,495,2.194273381
17.22851623,465,2.193566084
13.1724254,585,2.193319793
21.83727583,360,2.19308884
18.36215231,420,2.191380384
21.04044052,360,2.190082003
20.6357081,375,2.189118032
14.23123623,540,2.188419021
15.50978801,510,2.183050866
17.35781973,450,2.176005592
14.10371923,540,2.174505909
11.60917177,690,2.174254179
19.37289327,390,2.171672275
29.80646345,255,2.171450249
20.93898724,360,2.17021624
28.91966385,255,2.169596134
12.08877444,645,2.162391679
14.1597591,540,2.158040738
15.20987403,495,2.155802792
15.93781798,495,2.155272977
12.74434211,615,2.15230692
14.77954269,510,2.148466702
19.10648041,390,2.148360268
28.56094976,270,2.145398795
11.94696986,630,2.141492984
27.10240234,285,2.14102308
11.46453481,660,2.140342361
28.51198435,255,2.138287892
29.08435164,255,2.136293027
24.46245959,300,2.128701916
19.62674797,375,2.125988415
15.93536196,465,2.123581794
22.41616199,330,2.121205417
15.05292769,495,2.119475025
17.67727746,435,2.118609529
22.24861256,330,2.115342981
7.052695378,1065,2.114293593
20.02408956,375,2.110807025
14.95374531,495,2.107398538
11.8111388,630,2.10703601
14.88735794,495,2.104995353
46.23620594,165,2.102352957
15.76583041,465,2.102231255
27.77353547,285,2.097429477
28.45344488,270,2.086981442
13.5201517,540,2.086901866
23.670165,315,2.079135831
17.86371411,405,2.076622849
18.71224799,390,2.075175893
25.28098877,285,2.074929147
19.77532196,375,2.07466797
14.76175018,495,2.071420509
27.64189427,255,2.070251822
29.3707355,240,2.070125261
14.4736647,525,2.067660339
8.686084921,840,2.063721837
16.59063698,435,2.061970342
21.7222669,330,2.060191834
10.32262832,705,2.055528653
20.66203801,345,2.054930542
20.10087446,360,2.054771183
32.82769363,210,2.05431085
14.15003187,510,2.053505151
22.33737163,315,2.048165848
16.37713633,435,2.047982377
18.5751316,390,2.046226205
18.17975517,390,2.043811734
14.31721823,510,2.043000082
11.14149118,645,2.04284118
16.98888197,420,2.042550202
27.3671316,255,2.040234214
19.17481173,375,2.037842554
28.83777881,240,2.037088863
14.33720692,495,2.031516424
14.30198496,495,2.029939429
7.988065841,900,2.02957606
24.2952211,285,2.028065412
10.07227298,720,2.027707369
17.48038083,405,2.026825548
22.12964536,315,2.025387837
15.17993002,465,2.024594019
24.29252299,285,2.024439553
15.90125131,450,2.024313344
31.72642454,225,2.022197054
24.23716902,285,2.02015567
9.329060279,765,2.019591939
18.67467736,375,2.01798948
20.2037845,345,2.017123225
20.29641443,345,2.014983639
15.65657988,465,2.010954953
10.02711195,705,2.005459101
36.930887,195,2.003840967
19.99423374,390,2.003254664
10.68603524,660,2.003233975
26.80134231,255,2.001723669
14.54396369,480,2.000523356
21.0870872,330,1.996154052
16.98110291,420,1.995181803
17.90318956,390,1.993713726
19.91908171,345,1.992838816
17.73588795,390,1.992791671
13.48319209,585,1.991098737
40.89415874,165,1.987415754
34.17466729,210,1.98589571
20.81976068,330,1.985568897
24.75991728,285,1.981830113
25.14090503,270,1.979271504
17.64011643,390,1.978639121
25.04346337,270,1.978338705
18.96724204,360,1.977975805
19.75347457,345,1.976124898
19.74081554,345,1.976065569
14.08937226,495,1.97263535
21.50909912,315,1.971329025
11.23032271,615,1.966889101
6.048325953,1155,1.964815967
14.69387313,465,1.961776319
19.14268807,360,1.957384627
18.90046826,360,1.957195175
22.28297787,300,1.951466063
18.30629691,375,1.950622127
36.88723697,180,1.950269867
16.22364104,420,1.948959336
10.38045771,660,1.946501822
22.33650696,300,1.944790892
29.20964993,225,1.943608288
15.26761396,450,1.943332106
11.69542534,585,1.941256054
9.719832765,705,1.933914567
23.45304931,285,1.932818275
17.86663835,390,1.932716231
19.00681272,360,1.929723899
18.847099,360,1.929212162
10.33293231,660,1.927830402
14.71260983,465,1.927547671
8.186546933,840,1.924200484
20.23735461,330,1.923638946
21.95033092,300,1.92051293
12.86289897,525,1.919057632
27.32580969,240,1.914107653
25.50863663,255,1.910789398
14.30869092,465,1.900218362
24.06202023,270,1.887520884
22.70670673,285,1.886571497
23.9814286,270,1.884092783
16.10129625,405,1.880011471
17.4389449,375,1.878696008
15.78467628,420,1.877241143
13.97630081,465,1.864325566
15.98471614,405,1.864125515
13.9572285,465,1.863658886
29.94512963,210,1.860034323
22.03841912,315,1.855429167
4.970414545,1335,1.853533143
17.83379784,360,1.85346141
11.69658708,555,1.851462619
17.27474983,390,1.850119891
21.28124369,300,1.848073215
21.21549765,300,1.846766069
21.15619757,315,1.844926679
9.120557642,720,1.84338425
19.08134691,345,1.840713658
14.96347598,435,1.838755861
17.16116311,390,1.830723983
16.86504116,375,1.828971567
12.18831747,525,1.825029721
15.5571152,405,1.812305322
14.96312206,420,1.810986865
25.2102781,255,1.809021318
14.45330853,435,1.805107288
30.89900685,195,1.803362119
23.41131807,270,1.796495535
22.26191651,285,1.796118744
13.45482976,465,1.791987178
12.2350773,525,1.791156222
16.99920292,375,1.786426113
22.2472746,285,1.78607036
19.54950752,315,1.782535226
13.23382225,480,1.780990502
11.51396519,555,1.779728271
15.85532148,390,1.774919645
12.14309674,510,1.771970953
15.9766432,390,1.771887518
40.64561239,150,1.769184915
13.0104422,510,1.767447794
8.459416985,735,1.764978986
21.54818341,285,1.763505122
24.86059763,240,1.763505024
14.22518894,435,1.759642158
12.78529353,480,1.757366739
13.60557596,450,1.754808608
11.70521338,525,1.753158995
11.48641301,540,1.748870684
13.12106869,465,1.748682436
19.06369123,315,1.747835797
20.960701,285,1.74750625
23.35148139,255,1.744446416
16.75307589,360,1.74044314
13.96115612,450,1.735336024
21.97021025,285,1.734586804
23.53396736,270,1.733543153
12.60017311,480,1.733106806
24.43494727,240,1.731859538
10.34306051,615,1.730376129
10.79903704,570,1.725563352
14.96094495,405,1.723255166
23.15647282,255,1.721828345
18.54045268,330,1.719136945
20.60265308,285,1.716437416
21.80206739,285,1.712940539
17.7983407,330,1.707868788
28.10591752,210,1.703869629
20.447066,285,1.703867154
17.74162676,330,1.698426192
20.36075803,285,1.697082273
23.99470789,255,1.69566069
27.82946995,225,1.694554229
13.10751178,450,1.692895581
10.15835934,585,1.692764438
18.58091285,315,1.691503643
17.94926267,330,1.691283822
66.38571789,120,1.690962957
18.59127324,315,1.690039645
15.33783381,390,1.689284729
20.24170455,285,1.687727884
11.26482817,525,1.685510255
13.55430033,435,1.683416947
13.45510051,435,1.681644432
16.2414953,360,1.679276224
18.29651333,315,1.678590693
12.9957191,465,1.67827438
14.482543,405,1.677719191
16.77795178,345,1.677568617
13.93874975,420,1.673988197
17.4235747,330,1.670078548
15.5096538,375,1.669651653
14.93070717,390,1.669462294
15.41953172,375,1.669035174
12.5308559,465,1.669005192
14.31696172,405,1.66898877
16.49852224,420,1.668498401
19.03380108,300,1.666856621
21.7668825,270,1.665712834
22.16588593,255,1.663833857
29.43369608,195,1.660012385
48.8184337,120,1.655294583
11.03570602,525,1.654763502
22.3682191,255,1.651864592
26.77018332,210,1.650846189
21.91301623,255,1.64310653
19.01145235,300,1.642809671
18.29447486,315,1.642541952
20.74304356,270,1.640735206
128.4799068,45,1.637670082
10.60514227,540,1.636946149
9.724604659,630,1.636597038
13.61373612,420,1.636338949
9.559075729,600,1.634602975
17.73685894,315,1.622399844
18.59704453,300,1.618607097
24.21217705,225,1.615110149
14.34196273,390,1.611483625
16.76337354,345,1.608346881
29.66293505,195,1.60773896
17.45745432,330,1.607149184
14.20995151,390,1.599097786
14.76308934,375,1.597780793
29.06057023,195,1.593862209
16.71011341,330,1.591277799
13.72601057,405,1.589549997
25.40160385,210,1.588301894
15.85309549,345,1.584866933
16.24652467,345,1.579011736
9.690419375,570,1.57506482
22.23168065,240,1.574495989
11.7542112,465,1.56895645
28.9412877,180,1.568221425
12.25175196,450,1.565936028
28.32370974,210,1.561499455
19.65277074,270,1.556497518
11.03610908,510,1.55372593
17.02321829,315,1.551546398
7.026032138,780,1.548935247
26.71253674,225,1.547391149
12.77526908,420,1.545526052
29.53469624,180,1.541963105
38.66519411,135,1.536778954
14.82089547,360,1.52718021
12.61373307,420,1.524890235
23.24592361,225,1.521408338
26.16243615,195,1.519693639
19.32224961,270,1.517750396
15.19777317,345,1.517688316
16.56161645,315,1.517345271
16.4055759,330,1.517175607
18.62202406,300,1.514831192
41.46769369,120,1.514466074
13.63306956,435,1.513912263
24.1507639,225,1.511796337
18.91404132,300,1.509821534
28.40911302,180,1.503616788
8.856572297,600,1.502483798
9.250202356,570,1.497652319
21.26846305,240,1.495645147
11.54876988,450,1.492860911
27.50532976,180,1.491377542
18.05057507,285,1.490280073
30.93728227,165,1.489644634
14.28270964,360,1.488303627
15.09128879,345,1.487673586
36.63615667,150,1.486088478
17.81732766,285,1.483989852
13.33430188,390,1.482337676
15.38553577,345,1.481329843
9.344549037,570,1.479300165
16.16665173,315,1.478533454
10.83187998,480,1.478428852
12.21081464,420,1.476664475
25.48965882,195,1.476464717
22.1516912,255,1.475475378
24.30455862,225,1.474903375
8.97524804,585,1.467134317
18.54172405,270,1.466661405
9.497743542,540,1.461577031
20.6318998,240,1.461413704
17.07917849,300,1.458318616
23.16194579,210,1.445810485
18.46568646,285,1.44294366
22.99393048,210,1.435082949
5.956345628,855,1.433584434
14.32369755,360,1.432248645
19.1046505,255,1.432191168
26.47096264,180,1.431304655
10.41606354,480,1.430385735
35.66664233,150,1.430037638
10.99725508,465,1.426140001
22.97410802,225,1.42376761
26.16463543,180,1.419756979
14.8468322,330,1.419453197
26.99154787,180,1.415621815
12.66093587,390,1.415039433
17.26698814,285,1.412454296
12.61569841,390,1.409721972
18.83361282,255,1.404314738
21.06703287,225,1.402998816
42.37667442,105,1.399943693
25.04382728,195,1.397608574
11.79557095,450,1.394548302
12.13639273,405,1.392191675
17.56544497,270,1.392081304
11.88781522,405,1.389316238
13.25871883,360,1.378807944
23.60078389,195,1.377178047
9.734705993,495,1.369038272
54.81748161,75,1.368945965
16.54957786,285,1.36787378
12.22513888,390,1.366674577
20.67248514,240,1.364719508
22.24663238,225,1.363081834
34.70081749,180,1.361066172
22.36707931,240,1.354346135
18.21021146,255,1.353130781
18.0344822,255,1.353093848
10.63026925,450,1.351367513
19.47614412,240,1.346788953
10.50469298,450,1.344358661
19.12683063,240,1.342768494
16.93523885,270,1.338938021
10.01163954,465,1.333962437
11.8074881,390,1.326733871
18.79072047,240,1.319545073
12.2341711,390,1.316178036
12.3548595,375,1.311884507
12.54251197,360,1.304634303
16.1060727,285,1.304203061
15.59572342,285,1.299142567
12.98014668,345,1.297563328
18.61933747,255,1.297531915
11.19245852,405,1.296258004
45.61555858,120,1.294630956
34.66695285,120,1.290764317
11.54549365,390,1.29016964
16.54750813,270,1.289175102
25.2950168,195,1.289061368
13.45120638,345,1.288934426
39.63936394,105,1.285022449
45.38266165,120,1.284902304
11.84010545,375,1.284870726
10.30590205,435,1.283357852
15.09304612,300,1.273935684
12.46221206,360,1.267380389
18.88073164,240,1.265178929
11.72617452,390,1.263274428
12.63060859,345,1.257427118
13.70523625,315,1.25723462
10.1643126,435,1.257162406
28.6462485,150,1.251619405
18.75316005,225,1.250543467
13.04486442,330,1.245806883
29.79801674,135,1.243838442
17.59971056,240,1.243406182
22.95227808,180,1.233908938
15.5331556,270,1.23227759
17.1844038,240,1.21605818
12.25646725,345,1.214786347
10.09117742,420,1.214471839
20.74917146,210,1.211625926
23.10988049,180,1.211154057
18.30437468,225,1.20868252
17.05839419,240,1.208505282
53.61944934,120,1.207856168
32.67887948,135,1.198937114
7.906626171,570,1.198641936
13.78386658,315,1.198230545
13.77583104,300,1.194916749
16.84494246,240,1.192727942
17.11936588,240,1.191426925
95.84017233,30,1.188739225
9.49089782,435,1.186850132
12.93718898,315,1.186259222
13.01778816,315,1.183918358
7.880413152,525,1.182172868
10.50253063,390,1.179510274
126.6902886,30,1.17234342
21.82517891,180,1.169933964
19.9573821,210,1.169516097
6.663357451,615,1.166932071
14.86334295,270,1.165768497
20.08582792,210,1.16163157
12.69290771,315,1.159949247
13.13334967,300,1.150173304
13.64939164,285,1.138385319
6.332172859,630,1.133443315
13.01807803,300,1.131156842
30.93930174,150,1.124770241
9.353517331,420,1.118954936
16.4407464,225,1.094761284
12.03052814,345,1.092985059
15.40093831,240,1.090663338
12.69809887,300,1.089722425
17.38798769,210,1.086674459
16.32829028,225,1.078703523
9.707496541,405,1.078590075
20.07176652,195,1.07832449
19.98917644,180,1.074646022
12.20368847,300,1.067592941
14.07558355,270,1.064035553
43.36343721,75,1.063323799
26.50989953,150,1.060346951
11.04738343,330,1.057710245
22.61302233,165,1.053963445
9.437609931,390,1.050639441
7.570120417,480,1.040898586
15.94784874,240,1.040649536
8.060068967,450,1.039290825
14.00581113,255,1.027605186
10.68681931,330,1.012645358
14.2839114,240,1.011219182
10.5360117,330,1.009090302
11.03930141,315,1.008668907
11.09969318,330,1.008663641
11.47063096,300,1.004116389
8.701710501,405,1.002884752
13.2125255,255,0.98510878
14.75063868,225,0.982042894
26.77395563,150,0.980628292
16.24055856,210,0.980481032
26.37278194,120,0.978376959
33.24821028,105,0.973813586
25.76996156,135,0.972959987
28.26157275,120,0.966868878
9.667546782,345,0.965507013
17.73266034,180,0.950141029
11.97390088,270,0.94724108
12.52312399,270,0.941680899
17.78474075,180,0.940451749
13.86678882,240,0.937459288
20.06197728,150,0.909269964
10.5459885,300,0.908712896
45.54404038,75,0.907718495
16.75961963,180,0.907718147
14.50324687,210,0.895789017
15.63913232,195,0.889998909
5.646568362,555,0.889725597
17.82225173,180,0.887685282
12.49019595,270,0.887624604
10.13318064,300,0.881431368
13.70759766,225,0.880662997
19.19122188,150,0.879858602
17.56516905,165,0.878153886
17.4972625,165,0.876330308
14.9126116,195,0.869764862
8.298319116,360,0.863403549
21.74121234,135,0.861887332
14.88311863,195,0.85716325
10.78808975,270,0.855523121
14.60394588,195,0.849095732
13.56796159,210,0.847896903
29.91983435,105,0.837845797
15.37145065,195,0.835559194
11.72237073,240,0.827230028
16.71470643,165,0.82528168
17.52709491,165,0.817629603
10.30511569,270,0.805174594
15.35638764,180,0.783489604
8.933309038,300,0.781688395
11.14668858,255,0.7805846
9.767741614,285,0.76535103
23.81319229,135,0.761286694
2.495563548,1170,0.759281502
15.97250057,180,0.747663173
9.043105676,300,0.733152984
9.335157714,285,0.731019919
80.52811371,30,0.724167276
62.49670001,45,0.717897508
10.13806206,240,0.717511467
12.88596418,195,0.716324342
12.69927159,210,0.699888147
23.26091387,105,0.695232204
21.14241807,105,0.694146365
15.12831972,150,0.69391164
5.013654223,480,0.677955896
13.34012543,180,0.666657891
20.09916895,105,0.665025748
11.90926894,180,0.644303583
14.71055965,135,0.610007049
6.980408489,315,0.604821734
16.54463149,120,0.600996099
23.1120183,90,0.525885526
7.35822838,240,0.519465456
40.16205285,45,0.503755088
4.259532125,405,0.497301979
15.02059975,120,0.485431016
22.70035354,60,0.470853934
27.11142574,60,0.467392372
4.598142184,375,0.464679502
7.095458858,210,0.443951795
27.6447619,60,0.442421278
6.291815695,240,0.440107302
12.89359373,105,0.417705798
22.25785833,60,0.394977993
4.732679398,285,0.359901717
13.94046226,75,0.325503707
2.675536477,405,0.301537621
2.154470338,480,0.295699166
8.981876846,90,0.262154141
21.49615562,45,0.257167072
2.707950339,315,0.24744417
55.50218687,15,0.23172449
14.02601894,45,0.188996633
9.635130921,75,0.184533329
10.52224499,45,0.175294015
8.825151348,60,0.172543621
10.16316416,60,0.167190361
0.870530146,675,0.155603034
13.01268768,45,0.132446169
1.921993091,225,0.126616402
30.23360387,15,0.125844598
1.578065507,180,0.083048435
4.80218581,60,0.068055744
0.820591132,300,0.060587015
2.995916104,45,0.044899308
5.322801668,30,0.041403885
0.362454126,375,0.038443643
0.570657562,210,0.034833824
7.467167719,15,0.031132824
1.271455095,60,0.026472208
1.257937017,60,0.025352453
2.728191956,30,0.022833886
1.795447621,45,0.018317742
0.717548384,90,0.017625219
1.719425058,45,0.017260796
0.234466008,255,0.015951158
1.485027582,45,0.01362366
0.452072036,45,0.005875287
0.150720333,45,0.002518474
0.150713668,45,0.002518363
0.401852232,15,0.001678697
0.401730206,15,0.001678189
0.401730206,15,0.001678189
0.066987326,30,0.000839498
0.200953089,15,0.000839461
0.200913241,15,0.000839295
0,15,0
36.74445165,0,0
24.15566787,0,0
22.45088494,0,0
21.68800815,0,0
20.46317504,0,0
16.09664004,0,0
15.17667063,0,0
13.35695549,0,0
12.89434522,0,0
8.006028313,0,0
5.634668612,0,0
5.337352209,0,0
4.991243504,0,0
3.115309003,0,0
3.115309003,0,0
1.205849088,0,0
1.20547025,0,0
0.401925793,0,0
0.401870624,0,0
0.401855298,0,0
0.201014986,0,0
0.200963509,0,0
0,0,0
0,0,0
0,0,0
0,0,0
